{
  "mean": [
    6792.955069216612,
    21.821217092102106,
    157249.31455549333,
    60.23399615907818,
    5.419940785788589,
    975576.2856485556,
    473606.74177802674,
    148636.9669920781,
    9.781507561814836,
    6.59780347283348,
    4.749319836760822,
    875150.6511962871,
    12984.694026566376,
    120053.6683804113,
    0.01818436424741938
  ],
  "scale": [
    13374.678988608035,
    32.529166290289886,
    2039613.4690206628,
    1138.8110711071881,
    2.6451788849933355,
    39793476.329204425,
    30747433.38375755,
    1162295.9723834994,
    9.111109453162937,
    16.849707291493836,
    2.133158837376887,
    621886.9316586908,
    15771.870377580222,
    2430647.851942377,
    0.13361771268936076
  ],
  "var": [
    178882038.04831326,
    1058.146659541332,
    4160023103010.502,
    1296890.655676301,
    6.996971333614586,
    1583520758362952.8,
    945404659688608.2,
    1350931927418.9045,
    83.01231546751504,
    283.91263580902057,
    4.550366625479112,
    386743355767.8611,
    248751895.2071925,
    5908048980152.093,
    0.017853693144336557
  ],
  "n_features_in": 15,
  "feature_names": [
    "Machine",
    "DebugSize",
    "DebugRVA",
    "MajorImageVersion",
    "MajorOSVersion",
    "ExportRVA",
    "ExportSize",
    "IatVRA",
    "MajorLinkerVersion",
    "MinorLinkerVersion",
    "NumberOfSections",
    "SizeOfStackReserve",
    "DllCharacteristics",
    "ResourceSize",
    "BitcoinAddresses"
  ]
}